VendaID,ClienteID,ProdutoID,Data Aprovação,Data Entrega,Forma Pagamento,Desconto
381806,24444,22803,2024-12-09,2025-03-17,Via Cartão,0.1
477353,17953,58111,2024-07-01,,No pix,0.1
73969,82819,14229,2024-03-20,2025-03-17,Boleto Bancário,20%
335664,19495,26359,2024-04-19,,Boleto Bancário,0.10
395490,9685,81828,2024-08-08,2025-03-17,Pix,10%
804242,70505,22803,2024-05-30,,No pix,0.1
995625,3281,23231,2024-04-11,,No pix,NÃO
748905,11648,21032,2024-12-13,,No pix,0.10
197428,9685,36004,2024-06-06,2025-03-17,Debito,0.10
396809,91781,23231,2024-06-05,2025-03-17,Cartão de Crédito,Nenhum
122559,11648,3244,2024-11-14,2025-03-17,Via Pix,False
212258,67235,14229,2024-07-20,,Credito,0.34%%
848249,68481,81828,2024-12-28,,Via Pix,Nenhum
975348,60872,14229,2024-04-26,,Cartão de Crédito,Nenhum
168511,82819,11439,2024-04-18,,Debito,Nenhum
279095,81350,30120,2024-11-09,2025-03-17,Debito,False
478468,84927,81828,2025-01-25,,Via Pix,0.10
495764,57453,83828,2024-12-31,,Pix,NÃO
675510,12811,83828,2024-08-16,2025-03-17,Pix,10%
613285,68481,22803,2024-07-03,,No pix,20%
427280,49026,30120,2024-12-29,,Pix,NÃO
712330,84927,1594,2025-03-13,2025-03-17,Boleto Bancário,Nenhum
136316,81350,23231,2025-01-07,,Credito,Nenhum
788850,17953,14229,2024-09-12,,Cartão de Crédito,Nenhum
381887,12811,59646,2024-11-28,2025-03-17,Via Cartão,False
164157,12547,36004,2024-08-06,2025-03-17,Credito,Nenhum
823767,84927,75429,2024-10-31,2025-03-17,Pix,0.10
877715,49026,83828,2024-08-25,,Via Cartão,20%
704965,81350,11439,2024-05-21,,Via Pix,0.1
265165,72569,2803,2024-04-23,,Via Cartão,False
707655,55891,30120,2025-01-18,2025-03-17,No pix,0
987351,12811,22803,2024-04-27,2025-03-17,Credito,NÃO
572197,94634,11586,2024-12-10,2025-03-17,Cartão de Crédito,NÃO
248790,87768,59646,2024-06-07,2025-03-17,Via Cartão,0.10
45691,57308,26359,2024-05-26,,Via Pix,0.10
46739,68481,55827,2024-08-29,2025-03-17,Boleto Bancário,NÃO
104817,81350,58111,2024-03-23,2025-03-17,Via Pix,NÃO
223397,82819,36004,2024-11-27,,No pix,0.1
824011,12811,55500,2025-01-08,,Credito,20%
504972,26519,11439,2025-01-09,2025-03-17,Via Pix,10%
464157,19495,11586,2024-06-22,2025-03-17,Boleto Bancário,20%
464551,57308,75429,2024-04-28,2025-03-17,Cartão de Crédito,NÃO
269585,88149,3244,2024-10-30,,Debito,False
343706,24444,14229,2024-11-23,2025-03-17,Via Cartão,20%
612657,24444,21032,2024-12-01,,Cartão de Crédito,10%
65094,87768,23231,2024-07-07,2025-03-17,Credito,0.34%%
269105,12547,59646,2024-12-23,,Via Cartão,False
975840,57308,1594,2024-12-10,2025-03-17,Credito,Nenhum
886869,3281,75429,2024-08-13,2025-03-17,Via Cartão,0.1
175327,12547,75429,2024-09-06,2025-03-17,No pix,0.34%%
896314,35439,55827,2024-05-24,,No pix,0.1
205641,49924,30120,2024-12-27,,Boleto Bancário,10%
525196,70505,21032,2024-04-21,2025-03-17,Credito,10%
239838,55891,11586,2025-01-02,2025-03-17,Pix,0.1
254737,84927,75429,2024-10-06,2025-03-17,Pix,0
740374,91781,55500,2024-06-28,2025-03-17,Cartão de Crédito,Nenhum
877155,12547,59646,2024-05-21,2025-03-17,Boleto Bancário,0.34%%
448626,17953,59646,2024-12-05,2025-03-17,Credito,0.10
224416,60872,23231,2024-03-30,2025-03-17,Cartão de Crédito,0.10
442513,94634,11439,2024-04-20,2025-03-17,Credito,Nenhum
638,67235,24981,2024-07-20,,Boleto Bancário,0
576513,84927,21032,2024-07-16,,Via Cartão,10%
615245,19495,75429,2024-07-28,2025-03-17,Pix,Nenhum
964120,94634,30120,2024-11-19,,Via Cartão,0.34%%
987273,3281,24981,2024-12-24,2025-03-17,Via Pix,20%
604741,12811,92067,2024-10-16,2025-03-17,Pix,0.10
701171,17953,1594,2024-12-25,,No pix,NÃO
159873,11648,55500,2024-11-02,2025-03-17,Cartão de Crédito,False
455248,3281,26359,2024-12-21,2025-03-17,Boleto Bancário,0
170021,19495,14229,2024-06-21,2025-03-17,Via Pix,NÃO
70042,37895,14229,2024-08-01,,Via Cartão,Nenhum
832152,81350,92067,2024-06-22,,Via Cartão,Nenhum
621427,88149,30120,2024-04-23,,No pix,NÃO
97492,3281,30120,2025-01-10,2025-03-17,Via Pix,NÃO
613256,88149,14835,2024-05-15,2025-03-17,Boleto Bancário,0.1
123397,3281,22803,2024-04-12,2025-03-17,Boleto Bancário,Nenhum
306193,71066,11439,2024-09-15,2025-03-17,Credito,0
759355,71066,24981,2025-01-15,2025-03-17,Debito,20%
737935,24444,1594,2024-08-17,2025-03-17,Boleto Bancário,Nenhum
490892,57453,11439,2024-09-24,2025-03-17,Pix,NÃO
20093,84927,21032,2025-02-20,,Cartão de Crédito,0.10
277248,19495,14835,2024-09-24,2025-03-17,Debito,10%
608203,12811,59646,2025-02-15,2025-03-17,No pix,False
412228,17953,26359,2024-07-27,,Debito,Nenhum
270900,19495,14835,2024-08-06,,Debito,False
235073,70505,25397,2024-10-23,2025-03-17,Via Cartão,0.10
672065,84927,11439,2024-06-03,2025-03-17,Via Cartão,0.10
367064,17953,36004,2025-03-05,2025-03-17,Pix,20%
471489,68481,55500,2024-09-13,,No pix,20%
629413,12547,11586,2024-09-27,2025-03-17,Credito,Nenhum
282748,57453,21032,2024-06-22,,Cartão de Crédito,NÃO
27118,60872,83828,2024-11-12,2025-03-17,Credito,20%
301786,19495,58111,2024-04-01,2025-03-17,Cartão de Crédito,Nenhum
582698,81350,24981,2024-10-14,2025-03-17,Credito,0.1
555552,67235,26359,2025-02-05,2025-03-17,Via Cartão,0
9250,49026,22803,2024-04-26,2025-03-17,Cartão de Crédito,Nenhum
214834,88149,58111,2025-01-24,,Boleto Bancário,NÃO
237603,26519,14229,2024-07-31,2025-03-17,Pix,NÃO
906331,26519,14229,2025-01-22,,Pix,0.10
679379,37895,11439,2025-03-11,2025-03-17,Via Cartão,False
467275,71066,25397,2025-01-04,2025-03-17,Via Cartão,10%
704392,17953,1594,2024-08-28,2025-03-17,Via Pix,0.1
325522,70505,24981,2024-04-29,2025-03-17,Via Cartão,20%
179643,60872,83828,2025-01-02,,Via Cartão,Nenhum
454810,60872,81828,2025-01-03,2025-03-17,Credito,Nenhum
449595,49924,92067,2024-06-25,2025-03-17,Via Pix,0.1
344235,9685,23231,2024-04-19,,Credito,0
981796,68481,3244,2024-04-13,2025-03-17,Via Cartão,0.10
212891,87768,59646,2024-07-19,,Cartão de Crédito,False
289781,70505,3244,2024-09-16,2025-03-17,Cartão de Crédito,20%
603761,12547,22803,2024-03-27,2025-03-17,Via Cartão,0.10
265936,12547,11439,2024-06-22,2025-03-17,Debito,0.10
675547,84927,21032,2024-04-06,2025-03-17,Credito,10%
222053,11648,3244,2025-02-22,,Cartão de Crédito,20%
51401,26519,24981,2024-06-19,,Via Cartão,10%
586146,12547,2803,2024-05-08,2025-03-17,Boleto Bancário,0.1
355770,9685,83828,2024-09-20,,Boleto Bancário,0.10
657441,12547,14835,2024-11-02,,Pix,0.34%%
867160,57453,59646,2024-08-16,,Credito,0.10
553487,72569,58111,2024-06-25,2025-03-17,Debito,10%
654497,67235,3244,2024-09-02,2025-03-17,Via Cartão,0.34%%
551744,35439,23231,2024-05-09,2025-03-17,Pix,20%
627480,91781,21032,2024-12-08,2025-03-17,Via Cartão,0.1
952878,68481,55500,2024-05-06,2025-03-17,Via Pix,20%
534720,49924,59646,2024-07-02,,Boleto Bancário,Nenhum
447830,37895,23231,2024-05-18,2025-03-17,Boleto Bancário,Nenhum
137760,91781,83828,2025-01-16,2025-03-17,Via Cartão,0.1
315064,12547,1594,2024-10-09,2025-03-17,Cartão de Crédito,0.10
981208,12547,55500,2024-05-01,2025-03-17,No pix,0.34%%
862982,12547,36004,2025-02-09,,Boleto Bancário,False
877645,71066,11586,2024-05-19,2025-03-17,Debito,0.10
528888,35439,21032,2024-08-07,2025-03-17,Via Pix,Nenhum
162242,49026,14229,2024-06-11,2025-03-17,No pix,20%
756641,87768,55827,2024-04-03,,Boleto Bancário,NÃO
609595,37895,75429,2025-03-08,2025-03-17,Boleto Bancário,0.34%%
202757,17953,58111,2025-03-06,,Boleto Bancário,0.34%%
443884,70505,55500,2024-04-24,,Via Pix,0.1
665953,57308,55827,2025-01-28,2025-03-17,No pix,0.1
557112,49924,24981,2024-03-17,2025-03-17,Cartão de Crédito,False
685671,26519,36004,2024-07-23,,Via Pix,0
567636,9685,3244,2024-06-01,,Via Cartão,Nenhum
86003,24444,81828,2024-04-27,2025-03-17,Cartão de Crédito,NÃO
871926,49924,36004,2024-09-12,,Pix,Nenhum
426878,81350,22803,2025-02-01,2025-03-17,No pix,0
302113,3281,11439,2024-09-02,,Pix,False
441166,60872,2803,2024-05-06,2025-03-17,Boleto Bancário,False
308210,82819,92067,2024-09-07,,Via Pix,0.10
823188,55891,23231,2024-09-10,,Debito,False
34069,57453,81828,2024-04-26,,Credito,0
584593,60872,2803,2024-11-08,2025-03-17,Via Pix,0.34%%
475998,82819,11586,2024-07-11,2025-03-17,Boleto Bancário,NÃO
185880,19495,58111,2024-09-05,,Boleto Bancário,0.1
780195,12547,11586,2024-12-06,2025-03-17,Pix,0.34%%
819681,72569,14835,2024-04-17,2025-03-17,Pix,20%
848338,49026,55827,2024-06-07,,Via Cartão,20%
102299,70505,14835,2024-08-10,2025-03-17,No pix,NÃO
207224,70505,3244,2024-12-17,,No pix,0.1
519197,81350,25397,2024-09-20,,Pix,False
535749,49026,55500,2024-04-27,,Boleto Bancário,0
360255,24444,75429,2024-10-10,2025-03-17,Credito,0.1
264009,35439,92067,2024-07-10,,Debito,20%
512868,84927,2803,2024-08-27,2025-03-17,Cartão de Crédito,Nenhum
620434,3281,24981,2025-03-06,,Via Pix,NÃO
33432,87768,14229,2024-12-11,2025-03-17,Via Pix,0
497714,26519,92067,2024-05-12,2025-03-17,No pix,0
471112,49924,75429,2024-04-02,2025-03-17,Pix,0.34%%
474962,71066,1594,2025-01-13,2025-03-17,Cartão de Crédito,10%
779121,87768,55827,2025-03-15,2025-03-17,Via Pix,10%
468907,72569,21032,2025-02-26,,Via Pix,0
855869,35439,36004,2024-04-28,2025-03-17,Boleto Bancário,False
694443,70505,23231,2025-01-24,,Boleto Bancário,20%
392326,88149,22803,2025-02-05,,Via Pix,20%
716145,68481,83828,2024-06-11,,Via Pix,20%
155320,68481,55500,2024-07-27,2025-03-17,Debito,False
211428,82819,55827,2025-03-11,2025-03-17,Via Pix,0.1
439063,82819,36004,2024-08-05,2025-03-17,Debito,0.1
370257,37895,14229,2024-06-17,2025-03-17,Cartão de Crédito,0.10
765496,88149,75429,2024-11-15,2025-03-17,Via Cartão,20%
723427,68481,83828,2025-01-17,2025-03-17,Cartão de Crédito,0.1
768565,57453,75429,2024-11-01,2025-03-17,Cartão de Crédito,20%
39876,55891,11586,2024-09-11,,Via Cartão,0.1
211391,87768,25397,2024-11-07,2025-03-17,Pix,0.10
653572,84927,1594,2024-04-29,2025-03-17,Via Pix,0.34%%
521702,88149,55827,2024-05-24,2025-03-17,No pix,10%
681605,3281,21032,2024-08-23,2025-03-17,Via Pix,NÃO
39330,87768,3244,2024-11-07,,Credito,NÃO
766901,94634,23231,2024-10-08,,Boleto Bancário,0.34%%
261419,55891,1594,2025-02-02,2025-03-17,Via Pix,NÃO
832036,35439,11586,2024-04-21,2025-03-17,Pix,NÃO
318442,12547,36004,2024-05-08,2025-03-17,Credito,10%
781840,91781,75429,2024-04-13,2025-03-17,Credito,0.1
217144,70505,92067,2024-05-05,2025-03-17,Via Pix,NÃO
277265,11648,1594,2024-08-16,2025-03-17,Debito,0.10
760587,11648,21032,2024-04-13,,Via Cartão,NÃO
951462,60872,59646,2024-05-09,2025-03-17,Via Cartão,NÃO
675367,72569,75429,2025-03-08,2025-03-17,Cartão de Crédito,False
443567,11648,58111,2024-05-18,,No pix,0.10
826257,26519,30120,2024-06-13,2025-03-17,Via Cartão,0
481236,19495,22803,2024-08-20,2025-03-17,Pix,NÃO
391543,49026,30120,2024-06-19,2025-03-17,Boleto Bancário,NÃO
774221,49924,23231,2024-12-10,,Cartão de Crédito,0.1
180330,49026,58111,2024-07-13,2025-03-17,Credito,20%
673158,12811,75429,2024-09-04,2025-03-17,Via Cartão,NÃO
742233,17953,26359,2024-05-18,,No pix,20%
144566,71066,26359,2024-09-11,2025-03-17,Boleto Bancário,20%
355565,49924,11586,2024-03-26,2025-03-17,Via Cartão,False
970250,19495,36004,2025-02-02,2025-03-17,Pix,0.10
716444,3281,11439,2024-05-14,,Pix,10%
509623,57453,21032,2024-07-03,2025-03-17,Boleto Bancário,20%
749282,49924,25397,2024-09-19,2025-03-17,Credito,20%
525802,71066,81828,2024-04-06,2025-03-17,Cartão de Crédito,0.34%%
291892,37895,14835,2024-11-17,,Cartão de Crédito,0
11735,94634,11439,2024-11-18,,Via Pix,NÃO
943619,94634,14229,2024-04-02,2025-03-17,No pix,0.1
274965,67235,55500,2024-08-17,,Credito,10%
171044,88149,23231,2025-02-09,2025-03-17,Boleto Bancário,10%
387304,24444,92067,2024-04-03,,No pix,NÃO
135806,26519,26359,2024-04-03,2025-03-17,Debito,10%
961363,55891,14229,2024-06-21,,Credito,10%
968067,26519,59646,2024-12-15,2025-03-17,Via Cartão,0.34%%
242046,68481,59646,2024-10-02,,Boleto Bancário,False
924947,11648,11586,2024-12-26,2025-03-17,Debito,Nenhum
715186,49924,25397,2025-02-15,,Via Cartão,0.34%%
319056,88149,75429,2024-07-04,,No pix,20%
194578,68481,23231,2024-07-16,2025-03-17,Pix,0.1
591048,82819,11439,2024-03-30,,Cartão de Crédito,False
749335,57453,55500,2024-06-02,,Cartão de Crédito,0.1
823446,12547,3244,2025-03-03,2025-03-17,Pix,Nenhum
304207,26519,36004,2024-07-29,,No pix,0
655455,82819,11439,2025-02-24,2025-03-17,Cartão de Crédito,NÃO
947327,81350,75429,2024-10-16,,Debito,0
102999,26519,83828,2024-12-03,2025-03-17,Via Cartão,0.34%%
580793,3281,23231,2024-10-15,,Boleto Bancário,0.34%%
229247,67235,30120,2024-10-27,2025-03-17,Via Cartão,Nenhum
521456,91781,14229,2024-09-26,2025-03-17,Via Pix,0.10
398852,72569,92067,2024-11-06,2025-03-17,Pix,Nenhum
893191,11648,1594,2024-05-21,2025-03-17,Credito,0.34%%
825504,49924,58111,2024-10-03,,No pix,NÃO
671416,87768,11439,2024-07-18,2025-03-17,No pix,0.1
284996,24444,2803,2024-06-19,2025-03-17,Via Cartão,0
863639,82819,11439,2024-04-21,2025-03-17,Via Cartão,False
261384,49924,2803,2024-04-03,2025-03-17,Boleto Bancário,10%
430076,12811,59646,2024-11-21,2025-03-17,Cartão de Crédito,0
303092,57308,26359,2024-05-30,,Boleto Bancário,20%
414151,71066,23231,2025-02-25,,Debito,False
749646,12811,55827,2024-08-16,2025-03-17,Cartão de Crédito,False
678663,49026,14229,2024-08-18,2025-03-17,Via Pix,10%
41009,87768,92067,2024-12-07,2025-03-17,Via Pix,Nenhum
489305,91781,26359,2024-04-10,2025-03-17,Debito,Nenhum
48856,57453,59646,2024-08-02,2025-03-17,Debito,20%
686253,9685,92067,2025-01-24,2025-03-17,Debito,False
750341,91781,11586,2024-11-28,2025-03-17,Pix,20%
198796,26519,92067,2024-05-22,2025-03-17,Via Pix,0.1
637731,37895,14835,2025-03-12,2025-03-17,No pix,10%
870034,91781,30120,2024-04-23,2025-03-17,No pix,NÃO
937457,82819,81828,2024-07-26,,Boleto Bancário,0
224103,71954,21032,2024-04-26,2025-03-17,Credito,Nenhum
260818,72569,81828,2024-08-29,2025-03-17,Debito,0.34%%
918629,37895,21032,2025-01-07,2025-03-17,Debito,0.10
187609,57308,21032,2025-01-05,,Credito,0.10
496134,82819,36004,2024-04-25,2025-03-17,No pix,20%
638147,55891,55500,2024-12-15,2025-03-17,Cartão de Crédito,0.34%%
174476,35439,3244,2024-05-14,,Via Pix,20%
349046,84927,23231,2024-08-15,2025-03-17,Via Cartão,0
399850,67235,92067,2024-06-29,2025-03-17,Pix,False
175154,71954,75429,2025-01-09,2025-03-17,Debito,0.1
499705,81350,55827,2024-05-04,2025-03-17,Via Pix,0
211135,72569,11439,2024-08-16,2025-03-17,Cartão de Crédito,NÃO
646195,49026,23231,2025-03-16,,Via Cartão,0.1
654179,68481,59646,2024-08-07,2025-03-17,Credito,10%
878986,35439,22803,2024-11-17,,Pix,NÃO
311702,72569,14835,2025-01-24,,No pix,0
687819,67235,21032,2024-04-12,,Pix,NÃO
127845,19495,55827,2024-06-06,2025-03-17,Cartão de Crédito,0.34%%
991221,94634,3244,2024-07-22,2025-03-17,Pix,NÃO
310595,49924,92067,2024-10-31,2025-03-17,Via Cartão,0.1
791719,37895,30120,2025-03-09,2025-03-17,Via Pix,0.10
191530,70505,23231,2025-03-08,2025-03-17,Pix,NÃO
316784,94634,11586,2024-11-21,2025-03-17,Via Cartão,0.34%%
57016,3281,3244,2024-07-19,2025-03-17,Debito,0.10
55462,60872,25397,2024-09-22,2025-03-17,No pix,0
271949,19495,25397,2024-11-06,2025-03-17,Boleto Bancário,10%
109175,49924,26359,2024-06-19,2025-03-17,Boleto Bancário,NÃO
397163,68481,83828,2024-08-14,2025-03-17,Boleto Bancário,20%
76533,94634,55827,2025-01-13,2025-03-17,Cartão de Crédito,Nenhum
517703,70505,26359,2025-02-17,2025-03-17,Via Pix,0.34%%
312445,24444,55500,2025-03-13,2025-03-17,Credito,10%
83116,19495,26359,2025-02-18,,Boleto Bancário,False
529067,19495,75429,2024-09-02,,Via Cartão,False
362002,24444,3244,2025-01-16,,Via Pix,0
182095,57453,55500,2024-07-16,,Debito,0
538797,71954,14229,2025-03-06,,Credito,0
308093,11648,59646,2024-12-29,2025-03-17,Pix,0.10
216802,3281,14229,2025-01-28,2025-03-17,Credito,0.1
770306,11648,36004,2024-11-16,,No pix,0.10
605917,94634,11439,2024-03-17,,Credito,Nenhum
548967,68481,26359,2024-05-15,,Pix,0.34%%
540884,17953,23231,2024-08-09,2025-03-17,Debito,Nenhum
793871,81350,75429,2025-02-03,2025-03-17,Via Pix,20%
272236,70505,14835,2025-01-24,2025-03-17,Pix,0.34%%
875431,87768,92067,2025-02-06,2025-03-17,Pix,0.10
824524,9685,92067,2024-11-27,,Via Pix,Nenhum
108313,12547,1594,2024-09-12,2025-03-17,Credito,Nenhum
304053,49026,2803,2024-03-20,,Debito,0.34%%
690928,94634,55827,2024-11-09,2025-03-17,Pix,0.1
229316,88149,83828,2024-10-05,2025-03-17,Boleto Bancário,0.34%%
924191,35439,11586,2024-08-18,,Cartão de Crédito,20%
390533,9685,25397,2024-10-04,2025-03-17,No pix,Nenhum
714787,72569,14229,2024-04-07,2025-03-17,Credito,0
643467,57453,21032,2024-04-28,2025-03-17,Via Pix,20%
898252,82819,55500,2024-04-13,2025-03-17,Credito,Nenhum
792250,9685,2803,2024-09-21,2025-03-17,Cartão de Crédito,20%
146184,17953,55827,2024-07-07,2025-03-17,Via Cartão,NÃO
755005,88149,23231,2024-05-01,,No pix,20%
34019,71066,11439,2024-12-09,2025-03-17,Via Cartão,0
420201,17953,83828,2024-07-29,,Boleto Bancário,20%
597451,12811,14835,2024-04-27,2025-03-17,Boleto Bancário,0.1
736726,71066,14229,2025-03-05,2025-03-17,Debito,0.10
651516,84927,2803,2024-06-06,2025-03-17,Pix,0.1
413267,12547,22803,2024-08-09,2025-03-17,Debito,0
922270,26519,83828,2024-09-11,,Credito,NÃO
491526,88149,22803,2025-01-07,,Debito,10%
604513,24444,59646,2024-11-07,,Credito,Nenhum
276354,84927,25397,2024-08-03,2025-03-17,Via Pix,20%
520463,55891,83828,2024-10-28,2025-03-17,Credito,20%
747580,9685,22803,2024-10-15,,Via Pix,0.1
726274,70505,22803,2024-05-19,2025-03-17,Credito,NÃO
399699,60872,21032,2024-05-10,2025-03-17,Credito,NÃO
661446,57453,2803,2024-12-04,,Pix,20%
564451,55891,36004,2024-10-15,2025-03-17,Credito,0.1
254996,60872,11586,2024-05-30,2025-03-17,Credito,0.10
701421,49924,11439,2024-03-21,2025-03-17,Cartão de Crédito,10%
123386,49026,83828,2024-09-23,2025-03-17,Cartão de Crédito,Nenhum
446267,71066,23231,2024-10-11,2025-03-17,Via Cartão,0.10
309522,94634,92067,2024-03-31,,Via Cartão,NÃO
634560,88149,26359,2024-07-20,2025-03-17,Cartão de Crédito,Nenhum
820429,67235,21032,2024-09-26,,Debito,False
536848,81350,26359,2024-10-19,2025-03-17,Boleto Bancário,False
556491,82819,25397,2025-02-25,,Credito,20%
954605,19495,81828,2024-08-30,2025-03-17,Credito,False
868730,70505,23231,2024-07-08,,Cartão de Crédito,0.34%%
384907,60872,30120,2024-12-03,2025-03-17,Boleto Bancário,0.34%%
893546,91781,55500,2024-08-17,2025-03-17,Debito,20%
871524,49026,22803,2025-01-21,2025-03-17,Via Pix,10%
468369,94634,81828,2024-12-02,2025-03-17,Boleto Bancário,0.1
111464,87768,21032,2025-02-13,2025-03-17,Credito,0.34%%
176504,49026,14229,2024-10-18,2025-03-17,Via Cartão,Nenhum
473947,71954,83828,2024-07-15,2025-03-17,Cartão de Crédito,0
162314,67235,81828,2024-09-08,,No pix,0.10
165858,12547,1594,2024-09-10,,Pix,0
885678,71066,1594,2024-11-20,2025-03-17,Credito,0.1
889598,12811,22803,2025-01-06,2025-03-17,Via Cartão,NÃO
326584,82819,30120,2024-10-22,2025-03-17,Cartão de Crédito,0
314726,57453,14835,2024-04-10,,Via Cartão,NÃO
398462,88149,55500,2024-12-01,2025-03-17,Boleto Bancário,0.10
287047,55891,55827,2024-04-27,,Credito,0
158130,37895,2803,2025-01-12,,Boleto Bancário,20%
808274,9685,14835,2024-08-21,2025-03-17,Via Pix,0.34%%
662760,87768,25397,2024-06-08,2025-03-17,Boleto Bancário,False
581838,91781,1594,2024-10-09,,Via Cartão,10%
395792,72569,81828,2025-01-20,,Boleto Bancário,0.10
894983,3281,2803,2025-01-19,,No pix,0.1
392105,24444,1594,2024-07-06,,Via Pix,0.34%%
473546,84927,23231,2024-04-18,2025-03-17,Credito,NÃO
202232,91781,30120,2024-06-13,,No pix,10%
243894,91781,1594,2024-07-04,,No pix,0.34%%
190323,57453,2803,2024-12-05,2025-03-17,Via Pix,Nenhum
642219,57308,92067,2024-09-19,2025-03-17,Boleto Bancário,0.34%%
747936,68481,30120,2024-05-06,2025-03-17,Via Pix,NÃO
100150,57308,11439,2024-09-08,2025-03-17,Boleto Bancário,NÃO
436844,35439,58111,2024-05-16,2025-03-17,Via Cartão,20%
661471,71066,11439,2024-04-14,,Via Cartão,False
985285,68481,83828,2024-04-08,2025-03-17,Credito,False
585892,91781,14229,2024-09-02,,Via Pix,0.34%%
993629,70505,58111,2024-05-15,,Pix,0
815955,24444,1594,2024-07-02,2025-03-17,Debito,0.1
12929,60872,36004,2025-03-15,2025-03-17,Debito,0.1
416184,49924,59646,2024-06-12,,Debito,10%
217323,55891,75429,2024-06-16,,Cartão de Crédito,NÃO
445238,49924,30120,2024-11-20,,Pix,20%
79585,9685,22803,2025-01-26,2025-03-17,Credito,Nenhum
784717,12811,11586,2024-09-28,,Debito,NÃO
419426,49924,2803,2024-04-26,2025-03-17,No pix,20%
925321,87768,55827,2024-10-23,,Pix,0.1
947601,67235,3244,2024-06-22,2025-03-17,Via Cartão,0.10
625728,87768,22803,2024-11-27,2025-03-17,Credito,0
276805,71954,59646,2025-01-10,,Debito,0
722212,60872,59646,2024-09-16,,Credito,0.34%%
499049,55891,14229,2024-11-01,2025-03-17,Cartão de Crédito,Nenhum
225961,94634,55827,2024-08-13,,Cartão de Crédito,0.34%%
491921,57308,24981,2024-11-27,2025-03-17,Via Cartão,0.34%%
990763,91781,81828,2025-02-21,2025-03-17,Boleto Bancário,20%
621967,17953,1594,2024-08-01,,Boleto Bancário,False
103764,60872,75429,2024-06-14,2025-03-17,Via Cartão,False
708422,17953,24981,2024-07-22,,Debito,0.34%%
280172,57308,23231,2024-10-17,,Debito,0.1
879157,12811,3244,2024-08-11,,Boleto Bancário,20%
762419,37895,22803,2024-03-21,2025-03-17,Debito,0.10
69263,49924,2803,2024-03-23,,Credito,NÃO
813808,60872,3244,2024-09-22,,Pix,20%
781025,55891,21032,2024-07-16,2025-03-17,Cartão de Crédito,0
689844,11648,14229,2024-04-12,2025-03-17,Pix,10%
781045,70505,1594,2024-08-09,2025-03-17,Credito,False
939132,60872,14835,2024-06-01,,Via Cartão,10%
793444,3281,11586,2024-05-30,2025-03-17,Cartão de Crédito,False
164250,60872,23231,2024-07-01,2025-03-17,Pix,0.10
414067,60872,22803,2024-08-18,2025-03-17,Via Cartão,False
368152,84927,55827,2024-11-05,2025-03-17,Credito,NÃO
171114,57453,23231,2024-12-12,,Pix,NÃO
740943,57308,2803,2025-02-11,,Via Pix,0.1
64304,57453,92067,2025-01-29,,No pix,NÃO
574387,68481,11586,2024-07-28,2025-03-17,Debito,False
959911,82819,81828,2025-02-15,,Via Cartão,0.34%%
697329,11648,11586,2024-11-30,2025-03-17,Pix,0.1
339202,87768,36004,2024-10-29,,Pix,Nenhum
513977,49026,30120,2024-05-19,,Via Cartão,Nenhum
474311,71066,75429,2024-03-28,2025-03-17,Credito,False
540855,12547,36004,2024-12-09,2025-03-17,Via Cartão,10%
245119,49924,23231,2024-08-07,,Credito,20%
782099,71954,58111,2025-01-16,2025-03-17,Pix,20%
998910,12547,30120,2024-11-11,2025-03-17,Boleto Bancário,20%
398660,81350,3244,2024-08-18,2025-03-17,Debito,10%
557401,94634,58111,2024-08-21,2025-03-17,Cartão de Crédito,NÃO
279029,9685,30120,2024-07-20,2025-03-17,Via Pix,False
354224,57308,11439,2024-03-19,2025-03-17,Cartão de Crédito,0.34%%
129026,24444,24981,2024-03-29,,Via Pix,0.1
364700,9685,30120,2024-06-26,2025-03-17,No pix,20%
497953,12547,23231,2025-01-03,2025-03-17,Credito,NÃO
217076,26519,22803,2024-10-19,,No pix,20%
856418,3281,24981,2024-07-03,2025-03-17,Cartão de Crédito,10%
975595,12547,59646,2024-09-16,,No pix,0.34%%
805303,17953,11439,2025-03-07,,Boleto Bancário,20%
381739,87768,83828,2025-02-09,2025-03-17,Boleto Bancário,20%
971331,3281,3244,2024-07-23,2025-03-17,No pix,0.34%%
347637,81350,23231,2024-07-03,2025-03-17,Credito,10%
756472,11648,55500,2024-04-20,2025-03-17,Credito,0
672910,68481,75429,2024-11-05,,Via Pix,False
988990,57308,14835,2024-06-30,2025-03-17,No pix,0
476084,72569,30120,2025-02-11,2025-03-17,Pix,NÃO
36969,3281,92067,2024-05-12,2025-03-17,Via Cartão,Nenhum
695065,67235,30120,2024-03-17,2025-03-17,Via Cartão,0
681196,57308,92067,2024-12-25,2025-03-17,Boleto Bancário,10%
245073,11648,92067,2024-10-31,,Debito,10%
524167,88149,24981,2024-07-09,,No pix,Nenhum
912185,49924,24981,2024-06-06,,No pix,0
269701,12547,36004,2024-10-30,,Pix,False
36148,70505,30120,2024-08-31,,Via Cartão,Nenhum
6973,9685,24981,2024-05-10,2025-03-17,Pix,10%
245664,88149,1594,2025-02-27,,Via Cartão,0
786540,55891,30120,2024-10-20,,Via Cartão,20%
981686,70505,81828,2024-10-29,,Credito,Nenhum
611718,60872,30120,2024-05-01,2025-03-17,Via Cartão,False
458273,57453,11439,2024-12-28,2025-03-17,Via Cartão,0.10
363831,68481,23231,2024-10-21,2025-03-17,Boleto Bancário,0.34%%
666440,67235,2803,2025-02-25,2025-03-17,No pix,False
445625,71954,14229,2024-12-08,2025-03-17,No pix,10%
77539,72569,11439,2024-10-22,2025-03-17,Cartão de Crédito,Nenhum
597915,49026,75429,2024-08-09,2025-03-17,Boleto Bancário,0.10
235440,82819,14835,2024-11-28,2025-03-17,Cartão de Crédito,NÃO
659055,67235,24981,2025-02-24,2025-03-17,Via Pix,0.1
72140,17953,14835,2024-04-23,,Cartão de Crédito,NÃO
191058,12811,11439,2025-01-14,2025-03-17,Via Cartão,0
863687,72569,58111,2024-07-06,,Debito,False
404567,49924,21032,2024-12-06,,Boleto Bancário,0.34%%
745964,94634,23231,2024-12-23,,Credito,10%
624869,71066,92067,2024-05-28,2025-03-17,Debito,0
944793,24444,92067,2024-11-02,2025-03-17,Cartão de Crédito,False
712023,71954,83828,2024-07-16,,Via Pix,0.34%%
479673,35439,58111,2025-03-11,2025-03-17,Via Cartão,0.1
309574,3281,55500,2024-08-28,,No pix,0.34%%
626815,82819,36004,2024-07-15,2025-03-17,Debito,False
519417,57453,55500,2024-09-06,,Via Cartão,NÃO
413840,26519,22803,2024-05-04,2025-03-17,Via Cartão,0
612532,11648,1594,2024-10-02,2025-03-17,Cartão de Crédito,Nenhum
368926,55891,14835,2024-11-27,,No pix,0.10
327475,67235,26359,2024-04-27,2025-03-17,Cartão de Crédito,20%
178377,9685,23231,2025-01-10,2025-03-17,Debito,20%
189093,49026,11586,2024-05-04,2025-03-17,Via Cartão,0.34%%
30012,12547,81828,2024-12-03,2025-03-17,Via Cartão,NÃO
521391,19495,59646,2024-06-24,2025-03-17,Pix,False
396062,71066,59646,2024-10-31,2025-03-17,Boleto Bancário,False
137765,71954,1594,2024-05-09,2025-03-17,No pix,False
322274,37895,22803,2024-06-10,,Cartão de Crédito,Nenhum
721502,94634,59646,2024-06-06,2025-03-17,Boleto Bancário,0
947609,12811,23231,2024-05-24,2025-03-17,Cartão de Crédito,0.10
590689,26519,2803,2024-09-08,2025-03-17,Boleto Bancário,0.1
119559,87768,25397,2024-12-05,2025-03-17,Via Cartão,0.34%%
565968,3281,81828,2024-07-21,,Debito,0.1
414616,71066,21032,2024-07-05,,Via Cartão,0
536999,71954,75429,2024-08-24,,Via Pix,False
197856,26519,58111,2024-03-28,2025-03-17,Via Pix,0.1
23293,49026,83828,2024-09-18,2025-03-17,Via Cartão,NÃO
662013,57308,81828,2024-11-03,2025-03-17,Via Pix,NÃO
506560,12547,3244,2024-10-01,,Via Pix,NÃO
80098,94634,11439,2024-07-31,,Via Cartão,0.34%%
472587,37895,83828,2024-12-13,2025-03-17,No pix,0
140255,84927,36004,2024-07-18,2025-03-17,Debito,0.34%%
355033,88149,30120,2024-06-23,,No pix,20%
605745,84927,55827,2024-04-06,,Credito,Nenhum
255258,88149,11586,2024-04-18,2025-03-17,Boleto Bancário,20%
550596,3281,1594,2024-12-30,2025-03-17,Via Pix,0.34%%
173762,60872,55827,2024-07-23,,No pix,Nenhum
798450,49026,1594,2024-04-01,,Debito,0
36805,71066,2803,2025-02-08,2025-03-17,Credito,0.1
136049,84927,24981,2024-06-11,2025-03-17,Pix,False
583122,17953,11439,2024-10-20,2025-03-17,Credito,0.1
291022,12811,58111,2024-10-07,2025-03-17,Cartão de Crédito,20%
73056,82819,23231,2024-08-04,2025-03-17,Credito,0.34%%
792056,67235,14229,2024-07-01,2025-03-17,Debito,NÃO
463545,84927,11586,2024-04-13,2025-03-17,Cartão de Crédito,10%
436338,60872,21032,2024-09-22,,Via Pix,0.34%%
215920,57308,81828,2024-11-13,2025-03-17,Credito,0
172430,87768,55500,2024-11-10,2025-03-17,Credito,Nenhum
567403,60872,11586,2024-08-31,2025-03-17,Via Cartão,0.10
719609,49026,75429,2024-11-23,2025-03-17,Via Cartão,0.10
965206,17953,25397,2024-09-14,,No pix,NÃO
124905,19495,81828,2024-06-17,2025-03-17,Via Cartão,0.10
558600,12811,92067,2024-05-17,,Cartão de Crédito,20%
655396,37895,92067,2025-01-17,2025-03-17,Boleto Bancário,Nenhum
647176,12547,92067,2024-08-17,2025-03-17,Cartão de Crédito,20%
579271,82819,24981,2024-12-15,2025-03-17,Pix,NÃO
854365,57453,2803,2024-10-10,2025-03-17,Credito,Nenhum
471779,60872,2803,2025-02-02,,No pix,0
516493,37895,92067,2024-07-02,2025-03-17,Pix,Nenhum
883103,72569,11586,2024-07-09,2025-03-17,Boleto Bancário,Nenhum
462515,55891,36004,2024-08-19,,Boleto Bancário,0.1
890223,82819,30120,2024-07-24,2025-03-17,Pix,20%
644880,35439,30120,2024-05-20,2025-03-17,Credito,0.1
484314,49924,55500,2025-03-05,,Pix,0.10
713628,49026,3244,2024-05-15,,Credito,NÃO
241787,3281,2803,2024-11-14,,Via Cartão,NÃO
233986,67235,55500,2025-02-25,2025-03-17,Pix,20%
589343,84927,30120,2025-03-10,2025-03-17,Via Cartão,0.34%%
562095,88149,58111,2025-01-08,,Boleto Bancário,0.10
742852,3281,81828,2024-04-28,2025-03-17,Pix,Nenhum
664283,88149,75429,2024-12-09,,Boleto Bancário,False
930578,9685,92067,2024-12-06,2025-03-17,Cartão de Crédito,0
38066,49026,1594,2024-07-15,,Via Cartão,10%
649081,49026,58111,2024-12-18,,Credito,20%
469408,88149,55500,2024-11-24,2025-03-17,Boleto Bancário,NÃO
411597,70505,25397,2024-10-28,2025-03-17,Cartão de Crédito,0
611510,12811,22803,2024-06-16,,Debito,NÃO
202119,60872,83828,2025-02-21,2025-03-17,Credito,NÃO
22924,88149,3244,2024-05-23,2025-03-17,Debito,10%
542333,94634,14229,2024-04-11,2025-03-17,Debito,False
606762,60872,3244,2025-01-25,2025-03-17,No pix,0.1
925248,57308,21032,2024-05-25,2025-03-17,Via Pix,Nenhum
825801,12547,11586,2024-09-29,2025-03-17,Pix,10%
210006,88149,81828,2025-01-20,2025-03-17,Via Cartão,0.34%%
356865,88149,75429,2024-12-13,2025-03-17,Debito,0.1
788841,3281,36004,2024-05-29,2025-03-17,Via Pix,20%
378443,49026,58111,2024-04-12,2025-03-17,No pix,0.10
313242,68481,55827,2024-05-21,,No pix,False
597395,35439,1594,2024-11-27,2025-03-17,Credito,0.10
910161,87768,59646,2025-03-12,,No pix,0.1
846236,82819,2803,2024-08-12,,Credito,0
417372,3281,30120,2024-10-29,,No pix,False
860050,17953,83828,2024-10-11,,Via Pix,0.10
445412,37895,30120,2024-08-16,2025-03-17,Cartão de Crédito,False
362615,49924,30120,2024-05-03,,Via Cartão,0.34%%
852982,24444,21032,2025-01-16,,No pix,20%
333461,91781,14229,2024-07-09,,No pix,20%
994802,24444,21032,2024-05-13,,Via Pix,Nenhum
180675,82819,1594,2024-06-28,,Pix,Nenhum
45221,26519,59646,2025-02-11,2025-03-17,Via Cartão,0.1
110158,91781,1594,2024-03-18,2025-03-17,Pix,20%
148444,68481,81828,2024-03-28,,Cartão de Crédito,20%
311097,87768,55827,2024-10-04,2025-03-17,Via Pix,Nenhum
142768,81350,83828,2024-07-11,2025-03-17,Debito,0.1
737762,12547,21032,2024-10-13,2025-03-17,Credito,0.1
37410,91781,11439,2024-12-24,,Via Cartão,0.10
453496,82819,75429,2024-08-28,2025-03-17,No pix,10%
404575,91781,30120,2024-11-25,2025-03-17,Via Cartão,0.34%%
382811,12547,1594,2024-06-09,2025-03-17,Cartão de Crédito,10%
654842,71954,1594,2024-06-10,2025-03-17,No pix,20%
254947,3281,14229,2025-02-25,,Via Cartão,0.34%%
410030,84927,55827,2025-03-15,2025-03-17,Via Cartão,10%
545322,88149,11586,2024-04-16,2025-03-17,Boleto Bancário,0.34%%
15367,91781,23231,2025-01-04,2025-03-17,No pix,10%
962190,84927,36004,2024-04-08,2025-03-17,Credito,NÃO
347391,49924,81828,2024-12-23,,Cartão de Crédito,0.1
31337,57308,30120,2024-04-29,2025-03-17,No pix,10%
753202,24444,30120,2024-06-21,,Debito,0.1
119409,84927,22803,2024-04-08,2025-03-17,Cartão de Crédito,20%
164739,57453,26359,2024-11-22,2025-03-17,Via Cartão,0.34%%
981008,68481,75429,2025-01-04,2025-03-17,Credito,0.10
296649,24444,26359,2024-07-21,2025-03-17,Boleto Bancário,0.34%%
533255,24444,21032,2024-08-10,,No pix,NÃO
114577,60872,30120,2024-08-19,2025-03-17,Via Cartão,NÃO
983699,11648,59646,2024-08-25,2025-03-17,Boleto Bancário,10%
262421,91781,22803,2024-06-23,2025-03-17,Debito,0
82862,60872,14229,2024-11-17,2025-03-17,No pix,0.34%%
828535,9685,36004,2024-10-29,2025-03-17,Via Pix,Nenhum
287333,70505,14229,2024-12-06,2025-03-17,Cartão de Crédito,0.34%%
114543,49026,2803,2025-02-25,2025-03-17,Pix,0.10
274380,37895,1594,2024-05-26,2025-03-17,Cartão de Crédito,False
519340,3281,59646,2024-11-17,2025-03-17,Debito,Nenhum
429831,9685,59646,2024-11-27,2025-03-17,Via Pix,0.10
446422,49026,81828,2024-08-21,2025-03-17,Cartão de Crédito,Nenhum
413315,71954,58111,2025-03-05,2025-03-17,Cartão de Crédito,20%
202574,70505,36004,2024-08-16,2025-03-17,Pix,False
153470,55891,22803,2024-07-15,2025-03-17,Debito,NÃO
420000,57308,14229,2024-09-05,2025-03-17,Debito,20%
923551,81350,26359,2024-05-15,2025-03-17,Debito,False
734078,9685,55500,2025-02-03,2025-03-17,Pix,False
348254,35439,11439,2025-03-13,2025-03-17,Cartão de Crédito,0.34%%
841221,87768,25397,2024-05-04,2025-03-17,Cartão de Crédito,0.1
90627,12547,55827,2024-07-06,,Via Pix,False
806917,94634,58111,2024-08-01,2025-03-17,Via Cartão,False
453242,60872,30120,2025-03-05,,Cartão de Crédito,10%
587077,49026,26359,2025-01-20,2025-03-17,Pix,0.1
312919,87768,2803,2024-07-23,2025-03-17,No pix,20%
421774,81350,14229,2024-05-27,,Debito,False
640337,26519,22803,2025-01-05,2025-03-17,Via Cartão,0
629756,87768,11586,2024-10-09,,Debito,0.34%%
582348,84927,36004,2024-04-03,2025-03-17,Via Cartão,0.10
960872,72569,14835,2025-01-10,,Via Cartão,0.1
55469,94634,59646,2024-06-04,,Debito,0.10
405135,11648,36004,2024-05-26,2025-03-17,Via Pix,0.10
856522,68481,24981,2025-01-08,2025-03-17,Cartão de Crédito,NÃO
970841,60872,24981,2025-03-14,2025-03-17,Pix,0.1
821149,55891,30120,2025-03-11,2025-03-17,Via Pix,Nenhum
970974,57308,58111,2025-01-31,,Pix,20%
522784,71954,81828,2024-12-29,2025-03-17,Debito,Nenhum
839261,81350,26359,2024-11-07,2025-03-17,Via Cartão,0.34%%
410887,88149,30120,2024-10-04,2025-03-17,No pix,NÃO
835095,26519,83828,2024-11-01,2025-03-17,Cartão de Crédito,20%
833202,55891,58111,2024-09-26,2025-03-17,Via Cartão,Nenhum
713720,82819,2803,2024-09-05,,Debito,10%
902236,37895,25397,2024-04-10,,Pix,10%
560313,88149,3244,2024-11-06,2025-03-17,Boleto Bancário,0.1
331952,70505,3244,2025-02-08,,Via Cartão,0
168467,57453,11439,2024-11-26,,Via Pix,10%
775668,3281,30120,2024-05-15,2025-03-17,Via Pix,False
838148,88149,75429,2024-05-06,2025-03-17,No pix,False
387774,35439,22803,2024-12-05,,Via Pix,0.34%%
35503,81350,30120,2024-11-30,2025-03-17,Via Cartão,20%
128584,60872,1594,2024-04-24,2025-03-17,Pix,0.1
693885,12811,23231,2024-07-31,2025-03-17,Debito,0.34%%
905314,81350,2803,2024-09-26,2025-03-17,No pix,Nenhum
149277,49026,75429,2025-03-15,,Pix,0
540249,71066,22803,2024-12-25,2025-03-17,Cartão de Crédito,0.10
987734,88149,2803,2024-04-07,,Credito,False
614253,71954,92067,2024-09-01,,Via Pix,NÃO
824874,19495,59646,2024-07-31,2025-03-17,Boleto Bancário,0.1
555914,94634,14835,2024-08-18,2025-03-17,Pix,NÃO
607678,81350,11586,2024-08-07,2025-03-17,Via Cartão,NÃO
425560,49026,75429,2024-05-23,2025-03-17,Pix,20%
591310,24444,55827,2024-12-29,2025-03-17,No pix,10%
391565,71066,24981,2024-10-07,2025-03-17,Credito,NÃO
849337,3281,81828,2024-04-24,2025-03-17,Pix,False
172357,3281,22803,2024-07-28,2025-03-17,Debito,NÃO
485207,11648,81828,2024-06-22,2025-03-17,Pix,False
486235,82819,11439,2024-09-02,,Boleto Bancário,0.34%%
264288,60872,1594,2024-05-27,,Via Cartão,Nenhum
94243,57308,14229,2024-05-12,2025-03-17,Cartão de Crédito,0.34%%
722459,37895,30120,2024-06-16,2025-03-17,Debito,0
290984,81350,23231,2024-07-25,2025-03-17,Via Pix,10%
63478,57453,3244,2025-02-05,,Boleto Bancário,10%
83126,3281,25397,2024-08-06,2025-03-17,Via Cartão,0.10
674337,71954,25397,2024-05-26,2025-03-17,No pix,Nenhum
113687,71066,2803,2025-01-10,2025-03-17,Via Cartão,NÃO
760267,82819,81828,2024-12-03,2025-03-17,Via Cartão,0.1
105026,87768,14229,2024-08-12,,Debito,0.10
745322,68481,22803,2025-01-22,,No pix,0.34%%
884141,35439,58111,2024-11-14,,Via Pix,NÃO
942638,91781,14835,2024-11-12,2025-03-17,Credito,0.10
700403,17953,75429,2024-06-05,2025-03-17,Cartão de Crédito,Nenhum
579625,71954,55827,2024-09-29,,Cartão de Crédito,0
156638,84927,26359,2024-04-04,2025-03-17,Debito,0.1
116352,9685,1594,2024-08-16,2025-03-17,Boleto Bancário,0.1
813556,24444,14229,2024-07-07,,Via Pix,0.10
212402,11648,83828,2024-08-26,2025-03-17,Via Pix,False
30886,72569,3244,2024-06-16,,No pix,False
970330,19495,24981,2024-10-17,2025-03-17,Credito,0.1
40541,55891,21032,2024-03-28,,Boleto Bancário,Nenhum
950134,82819,83828,2024-10-18,2025-03-17,Pix,0.1
972791,70505,92067,2024-12-18,2025-03-17,Boleto Bancário,0.1
55913,35439,11586,2024-12-15,2025-03-17,Debito,0.10
830200,49924,55827,2024-10-11,,Via Pix,10%
630566,12811,14229,2025-01-11,,Pix,NÃO
289245,49026,92067,2024-12-11,,Via Pix,0.34%%
457270,91781,59646,2024-09-27,2025-03-17,Via Cartão,NÃO
498939,11648,11439,2025-01-17,2025-03-17,Boleto Bancário,20%
872784,94634,22803,2024-04-24,2025-03-17,Via Pix,NÃO
215167,26519,22803,2024-08-31,2025-03-17,Cartão de Crédito,0.1
468682,57453,1594,2024-11-28,,Pix,False
648502,88149,92067,2024-05-08,,Via Cartão,0.34%%
132271,71954,11439,2024-10-09,2025-03-17,Debito,False
685697,26519,14835,2024-12-26,,Via Cartão,20%
762542,60872,83828,2024-09-18,2025-03-17,No pix,0.10
603147,11648,23231,2024-07-08,2025-03-17,Via Pix,0
362583,94634,2803,2024-05-29,2025-03-17,Via Cartão,NÃO
415276,72569,55827,2024-08-22,,Credito,0
246921,70505,36004,2024-06-22,2025-03-17,Boleto Bancário,10%
923366,81350,14229,2024-03-17,2025-03-17,Via Pix,0
302989,88149,23231,2024-05-14,2025-03-17,Pix,NÃO
480388,88149,23231,2024-03-31,,Boleto Bancário,NÃO
324783,72569,55500,2024-10-24,2025-03-17,Via Cartão,False
378059,94634,55827,2024-07-10,,Cartão de Crédito,20%
422645,12811,26359,2024-09-12,2025-03-17,Debito,20%
582375,17953,36004,2024-12-29,2025-03-17,Credito,0.10
447278,11648,3244,2024-11-06,,Debito,0.10
551947,81350,11586,2024-07-13,,Pix,0.34%%
69739,17953,2803,2024-07-21,2025-03-17,No pix,0.10
866831,60872,92067,2024-08-29,2025-03-17,Pix,0.1
800765,12547,75429,2024-06-01,2025-03-17,Cartão de Crédito,10%
539637,60872,25397,2024-03-22,2025-03-17,Debito,False
92876,68481,22803,2025-01-27,2025-03-17,Cartão de Crédito,0.10
76231,91781,11586,2025-02-06,2025-03-17,Cartão de Crédito,NÃO
670797,94634,11439,2024-12-04,2025-03-17,Via Pix,20%
28030,57453,1594,2025-03-14,2025-03-17,Cartão de Crédito,0
17658,71066,2803,2024-10-04,2025-03-17,Boleto Bancário,20%
497104,94634,14835,2024-08-17,2025-03-17,Pix,NÃO
325651,67235,92067,2024-10-24,,Cartão de Crédito,NÃO
161001,49924,75429,2024-12-04,,Debito,0
128560,17953,83828,2024-10-11,2025-03-17,Debito,0
905037,84927,11439,2024-05-01,2025-03-17,No pix,Nenhum
960287,87768,24981,2024-10-14,,No pix,0
569043,49026,75429,2025-02-22,2025-03-17,Credito,20%
56458,35439,58111,2025-03-13,2025-03-17,Credito,10%
627365,67235,26359,2024-11-03,2025-03-17,Cartão de Crédito,10%
396823,17953,55500,2024-11-25,2025-03-17,Debito,False
192921,60872,1594,2024-05-29,,Via Pix,False
384259,9685,55827,2024-09-19,2025-03-17,No pix,0.34%%
248318,49026,21032,2024-06-18,2025-03-17,Cartão de Crédito,Nenhum
285261,71066,25397,2025-02-01,2025-03-17,Boleto Bancário,0.1
62182,37895,81828,2024-11-20,2025-03-17,Boleto Bancário,0.10
733025,84927,58111,2024-05-06,2025-03-17,Debito,False
31943,12547,24981,2024-05-27,2025-03-17,No pix,0.34%%
523333,9685,81828,2024-08-06,2025-03-17,Boleto Bancário,0.1
49931,12547,23231,2024-08-08,,Pix,0.10
244901,24444,26359,2024-12-01,2025-03-17,Via Pix,0.10
51054,94634,55827,2024-10-22,2025-03-17,Via Pix,False
520304,3281,59646,2025-02-19,2025-03-17,Debito,0
591899,49026,11439,2024-10-31,2025-03-17,Boleto Bancário,Nenhum
71209,71954,11586,2024-10-03,2025-03-17,Debito,0.10
113633,37895,92067,2025-01-10,2025-03-17,Pix,Nenhum
687227,17953,55827,2024-07-19,2025-03-17,Cartão de Crédito,10%
195351,71954,14835,2024-07-31,,Via Pix,10%
668903,3281,26359,2025-02-12,2025-03-17,Pix,NÃO
274900,55891,36004,2024-11-27,2025-03-17,Via Pix,0.1
596655,3281,58111,2025-01-02,2025-03-17,Credito,Nenhum
302714,9685,11439,2024-05-10,2025-03-17,Credito,0.1
638904,57453,81828,2024-10-06,2025-03-17,Pix,0.10
105204,91781,81828,2024-12-21,2025-03-17,No pix,False
478284,84927,92067,2024-03-23,,Debito,Nenhum
119611,57453,14229,2024-09-22,2025-03-17,Via Pix,0
315495,88149,36004,2024-07-28,2025-03-17,Pix,0.34%%
986473,67235,2803,2024-08-15,,Via Cartão,0
60140,49026,30120,2024-08-12,2025-03-17,Credito,0.1
562938,71954,36004,2024-06-23,2025-03-17,No pix,Nenhum
435330,68481,11586,2024-10-28,2025-03-17,Debito,20%
571096,82819,23231,2024-07-29,2025-03-17,Debito,0.34%%
369639,17953,3244,2024-08-12,2025-03-17,Pix,Nenhum
390902,81350,26359,2024-12-10,2025-03-17,No pix,20%
723325,37895,30120,2025-02-16,2025-03-17,Credito,0.10
481492,87768,58111,2025-02-18,2025-03-17,Pix,0.10
341698,17953,26359,2024-08-24,2025-03-17,No pix,0.1
828416,17953,92067,2024-06-04,2025-03-17,Debito,10%
794596,35439,1594,2025-03-03,2025-03-17,Credito,NÃO
800535,11648,22803,2024-03-31,,Via Cartão,0.10
476542,24444,58111,2024-10-29,,Credito,NÃO
44119,19495,81828,2024-07-24,,Cartão de Crédito,False
826822,60872,58111,2025-01-25,2025-03-17,Credito,10%
552740,49026,2803,2024-10-16,2025-03-17,Cartão de Crédito,NÃO
475079,3281,1594,2024-11-18,,No pix,False
317290,87768,23231,2024-08-10,2025-03-17,Debito,NÃO
701101,9685,83828,2024-03-28,2025-03-17,Cartão de Crédito,0
940421,37895,81828,2025-03-12,,Via Pix,10%
522080,11648,22803,2024-10-05,2025-03-17,Via Pix,10%
554510,49026,75429,2024-08-30,2025-03-17,Via Cartão,0.10
537682,11648,24981,2024-06-11,2025-03-17,Via Pix,False
518925,49026,1594,2025-03-01,,Via Cartão,Nenhum
445227,71066,58111,2024-11-05,,Credito,False
208763,70505,2803,2024-08-28,2025-03-17,Debito,10%
432815,60872,55500,2024-08-27,,Boleto Bancário,20%
913852,12811,2803,2024-09-19,2025-03-17,Pix,Nenhum
300679,55891,11439,2025-02-08,2025-03-17,Credito,Nenhum
312840,81350,75429,2024-12-12,2025-03-17,Boleto Bancário,0.34%%
734217,49924,58111,2024-06-02,2025-03-17,Via Pix,0.1
139591,37895,25397,2025-03-10,2025-03-17,Boleto Bancário,0.1
272527,57308,11586,2024-08-24,2025-03-17,Boleto Bancário,NÃO
802563,68481,24981,2024-04-09,,Boleto Bancário,0.1
22678,26519,83828,2024-05-27,,Pix,0.1
191565,11648,92067,2024-09-16,2025-03-17,Pix,20%
289598,70505,25397,2024-07-31,2025-03-17,Via Cartão,10%
450904,87768,92067,2025-01-31,,Via Pix,False
98480,94634,2803,2024-11-17,,Via Cartão,Nenhum
46750,9685,23231,2024-11-02,2025-03-17,Cartão de Crédito,0.1
576083,84927,58111,2024-05-13,2025-03-17,Boleto Bancário,0
214675,87768,36004,2024-09-23,2025-03-17,Pix,20%
286462,12547,2803,2025-01-27,,Debito,20%
403528,60872,3244,2024-10-20,2025-03-17,No pix,20%
773143,37895,59646,2024-12-22,2025-03-17,Via Cartão,False
292436,11648,55500,2025-01-16,,Debito,20%
693616,71066,55827,2024-10-17,,Credito,0
617638,9685,24981,2024-11-29,2025-03-17,Via Cartão,10%
844032,49924,22803,2024-05-25,,Debito,False
177743,94634,55500,2024-09-26,,Debito,0.1
273538,49924,25397,2024-12-18,2025-03-17,Credito,0.10
539472,24444,58111,2024-12-19,2025-03-17,Boleto Bancário,0.1
454851,70505,36004,2024-07-19,,Pix,0
164248,94634,11586,2024-05-27,2025-03-17,Cartão de Crédito,0.10
88958,71954,59646,2024-10-28,2025-03-17,Debito,Nenhum
850195,57308,1594,2025-03-13,2025-03-17,No pix,NÃO
607641,87768,1594,2025-01-29,2025-03-17,Via Cartão,NÃO
7909,19495,23231,2024-07-10,2025-03-17,Credito,NÃO
602644,60872,21032,2024-12-31,,Via Pix,0
843431,17953,21032,2025-03-14,2025-03-17,Credito,0.10
781539,71066,55500,2025-01-19,,Credito,0.10
236592,3281,75429,2024-05-24,,Via Pix,0.34%%
734112,37895,24981,2024-05-06,,Debito,0
42717,55891,23231,2024-03-30,2025-03-17,No pix,0.10
591971,12547,92067,2024-12-10,2025-03-17,Cartão de Crédito,10%
412138,37895,11439,2024-07-04,2025-03-17,Cartão de Crédito,0.1
503053,82819,2803,2024-09-15,2025-03-17,Via Cartão,0
454236,12547,55827,2025-01-12,,Pix,0
547927,37895,21032,2024-10-22,2025-03-17,Boleto Bancário,NÃO
505623,12547,21032,2024-06-26,2025-03-17,Boleto Bancário,20%
926777,84927,14835,2024-05-12,,Debito,20%
441156,24444,36004,2024-03-19,2025-03-17,Via Cartão,0.34%%
22004,17953,24981,2024-06-14,,Pix,0.1
465937,24444,58111,2024-10-04,,Debito,0.1
469850,11648,75429,2024-11-06,2025-03-17,No pix,0.10
503647,71954,14835,2024-05-18,,No pix,10%
830204,57308,1594,2024-04-10,2025-03-17,Via Cartão,0.34%%
991805,70505,22803,2024-10-28,,Via Cartão,0.34%%
5808,91781,24981,2024-04-02,2025-03-17,Debito,0.10
964843,82819,14835,2024-07-27,2025-03-17,Cartão de Crédito,0.1
590423,19495,92067,2024-05-08,2025-03-17,Boleto Bancário,20%
10810,26519,3244,2024-05-15,2025-03-17,Pix,10%
403342,91781,59646,2025-01-22,,Credito,False
844635,57453,81828,2024-04-05,,Cartão de Crédito,20%
650713,81350,83828,2024-04-04,2025-03-17,Via Cartão,0.1
936190,70505,55827,2024-09-17,2025-03-17,Boleto Bancário,20%
901861,87768,75429,2024-10-24,2025-03-17,Via Pix,NÃO
61647,49924,59646,2024-12-22,2025-03-17,Via Pix,20%
416817,17953,75429,2024-11-09,,Pix,0
264541,94634,14835,2024-09-11,2025-03-17,Via Pix,NÃO
645499,49924,58111,2024-08-29,2025-03-17,Pix,NÃO
239611,71066,59646,2024-08-16,2025-03-17,Boleto Bancário,0.10
722727,49026,59646,2024-04-16,2025-03-17,Boleto Bancário,0.1
874817,71954,55827,2025-03-10,2025-03-17,Via Cartão,Nenhum
507539,94634,24981,2024-12-14,,Via Pix,Nenhum
672431,71954,75429,2024-12-25,2025-03-17,Pix,Nenhum
369195,88149,25397,2024-03-23,2025-03-17,Via Pix,0.34%%
460082,19495,14229,2024-09-24,2025-03-17,Via Pix,10%
925565,26519,11586,2024-05-22,,Via Cartão,0.1
298509,19495,14835,2024-06-12,,Pix,0.1
520318,12547,23231,2024-10-09,2025-03-17,Via Cartão,0.10
392539,81350,2803,2024-12-13,,Boleto Bancário,10%
933566,12547,83828,2024-03-25,2025-03-17,Cartão de Crédito,Nenhum
647104,19495,2803,2025-03-04,2025-03-17,Credito,0
368616,55891,11439,2024-10-05,2025-03-17,Debito,NÃO
461940,71954,36004,2024-06-05,2025-03-17,Boleto Bancário,10%
363759,71066,11586,2024-04-29,2025-03-17,No pix,Nenhum
722070,87768,2803,2024-08-19,,Pix,0.1
178093,67235,58111,2024-09-12,2025-03-17,Debito,0
31641,12547,75429,2024-08-24,,Cartão de Crédito,False
342970,9685,81828,2025-03-03,2025-03-17,Debito,Nenhum
398364,84927,11586,2025-03-14,2025-03-17,Pix,20%
880807,91781,59646,2024-06-20,,Via Pix,0.10
238338,60872,14229,2024-08-09,,Credito,NÃO
685564,37895,58111,2024-03-18,2025-03-17,Debito,20%
778668,87768,36004,2024-06-04,2025-03-17,Credito,20%
839804,57308,3244,2024-06-29,,Via Cartão,10%
940137,37895,75429,2025-03-08,2025-03-17,No pix,0.10
742497,72569,11439,2024-08-06,,Debito,0.34%%
276054,49026,83828,2024-05-06,,Debito,0.1
293306,12547,14835,2025-01-29,2025-03-17,Credito,10%
881753,12811,3244,2024-04-11,,Debito,0.10
157146,88149,23231,2024-10-18,,Cartão de Crédito,10%
322158,57308,30120,2024-12-01,2025-03-17,Credito,NÃO
526645,12547,21032,2024-09-04,,No pix,0.1
198132,3281,36004,2024-08-09,2025-03-17,Debito,0.34%%
116457,12811,75429,2024-07-25,,Cartão de Crédito,20%
813083,57453,3244,2025-02-08,2025-03-17,No pix,Nenhum
654055,72569,75429,2025-02-28,,Cartão de Crédito,Nenhum
29400,70505,81828,2025-03-03,2025-03-17,Cartão de Crédito,20%
766826,12811,11439,2024-12-26,2025-03-17,No pix,20%
319126,70505,11439,2025-01-30,,Pix,0.1
248398,3281,55500,2024-12-24,2025-03-17,Via Cartão,False
846187,9685,75429,2024-12-28,2025-03-17,No pix,0.34%%
917355,91781,3244,2024-04-10,2025-03-17,Credito,NÃO
518030,24444,24981,2024-05-04,,Via Cartão,NÃO
302776,49026,23231,2024-05-28,2025-03-17,Debito,Nenhum
50386,12811,36004,2024-07-05,2025-03-17,Credito,0
471371,71066,2803,2024-06-04,2025-03-17,Debito,20%
883337,68481,11586,2025-03-04,2025-03-17,Boleto Bancário,0
597894,55891,22803,2024-09-04,,Via Pix,0.1
973324,71954,14229,2024-08-06,2025-03-17,Via Cartão,False
677579,3281,83828,2024-10-11,,Debito,0.10
57910,37895,30120,2024-08-12,,Pix,20%
95658,94634,75429,2024-04-21,,Pix,0.1
751005,17953,55827,2025-01-14,,Boleto Bancário,Nenhum
466522,87768,3244,2024-03-21,2025-03-17,No pix,0.1
652009,71954,55827,2024-12-18,2025-03-17,Via Pix,10%
952854,37895,14229,2024-08-21,2025-03-17,Via Pix,NÃO
71043,82819,14835,2024-08-28,,No pix,10%
263162,84927,1594,2024-05-08,2025-03-17,Credito,0.1
522765,91781,81828,2024-11-12,,Boleto Bancário,20%
36799,88149,81828,2024-08-22,2025-03-17,Debito,0.10
577420,24444,23231,2024-11-13,2025-03-17,Via Pix,False
509724,12547,36004,2024-11-10,2025-03-17,Boleto Bancário,NÃO
34340,71954,23231,2025-02-03,,Cartão de Crédito,10%
733192,71066,92067,2024-07-25,2025-03-17,No pix,0.34%%
704319,11648,11586,2024-06-26,2025-03-17,Via Pix,Nenhum
978899,60872,30120,2024-06-23,,Credito,0
73085,12547,30120,2025-01-12,,Credito,20%
680339,70505,59646,2024-04-16,,No pix,20%
578359,17953,58111,2024-07-23,2025-03-17,Debito,0.34%%
522400,17953,2803,2024-11-28,2025-03-17,Credito,NÃO
846588,3281,22803,2024-10-06,,Via Cartão,0.10
85492,71066,23231,2025-03-04,,Cartão de Crédito,Nenhum
159302,60872,2803,2024-07-28,2025-03-17,No pix,0.10
765492,24444,14835,2024-11-01,2025-03-17,Debito,0.1
9777,57308,25397,2024-04-10,2025-03-17,Credito,0
873023,11648,22803,2025-01-14,,Credito,False
606013,71954,58111,2024-06-28,2025-03-17,Via Cartão,0.1
407486,72569,11586,2024-06-08,2025-03-17,Cartão de Crédito,False
64613,49924,24981,2024-12-09,2025-03-17,Credito,0.1
627896,68481,36004,2024-08-28,,Pix,20%
931525,35439,2803,2024-08-18,2025-03-17,Via Pix,NÃO
341092,49026,22803,2024-04-03,,Via Pix,0.1
765878,57308,26359,2024-09-30,2025-03-17,Cartão de Crédito,NÃO
712999,70505,25397,2024-11-02,,No pix,NÃO
387480,9685,11586,2024-04-03,2025-03-17,Via Pix,10%
762480,71066,26359,2024-05-10,2025-03-17,Credito,0.10
237062,82819,83828,2024-08-09,,Credito,20%
869695,37895,14229,2024-08-18,2025-03-17,Credito,False
278357,91781,55827,2024-11-04,2025-03-17,Pix,0.10
621748,49924,55500,2024-03-30,2025-03-17,Boleto Bancário,0.1
680138,37895,92067,2024-04-01,,Boleto Bancário,0
203481,11648,55500,2024-04-26,,Via Pix,10%
509125,17953,75429,2025-01-29,2025-03-17,Cartão de Crédito,10%
853540,84927,58111,2024-10-10,2025-03-17,Pix,False
537436,87768,11439,2024-05-22,2025-03-17,Via Pix,0.34%%
34209,82819,36004,2024-04-06,2025-03-17,Boleto Bancário,10%
816827,57308,83828,2025-02-18,2025-03-17,Cartão de Crédito,Nenhum
64802,49924,59646,2024-03-28,2025-03-17,Credito,0
715650,3281,75429,2024-12-03,2025-03-17,Credito,0
599089,71066,2803,2024-08-16,,Debito,20%
840452,17953,36004,2024-07-10,2025-03-17,Boleto Bancário,0.34%%
795458,55891,75429,2025-03-03,2025-03-17,Pix,10%
802922,72569,25397,2024-07-27,2025-03-17,Via Pix,Nenhum
512853,49026,55827,2025-01-10,,Credito,0.10
804903,88149,14229,2024-08-04,,Boleto Bancário,0.10
969123,68481,23231,2025-01-26,2025-03-17,Debito,0.34%%
832087,81350,30120,2025-01-04,2025-03-17,Via Cartão,10%
213946,9685,25397,2025-01-30,2025-03-17,Via Pix,0.1
91312,70505,21032,2024-10-20,,No pix,0.1
44645,12811,14835,2024-07-23,,Credito,20%
851590,9685,55500,2024-07-06,2025-03-17,Boleto Bancário,0
701622,9685,26359,2025-01-16,,Via Pix,10%
124812,94634,11586,2024-09-17,2025-03-17,No pix,NÃO
289720,70505,75429,2025-03-02,,Cartão de Crédito,20%
78645,81350,30120,2024-05-03,2025-03-17,Pix,False
126198,49026,25397,2024-03-29,2025-03-17,Credito,0.10
310985,35439,92067,2024-07-25,2025-03-17,Boleto Bancário,0.34%%
862944,19495,55827,2025-01-07,2025-03-17,Via Pix,20%
838162,70505,55827,2024-10-17,2025-03-17,No pix,0
380802,81350,25397,2024-11-14,2025-03-17,Credito,0.34%%
158222,70505,24981,2024-08-08,2025-03-17,Via Cartão,10%
132577,91781,92067,2024-05-29,2025-03-17,Via Cartão,10%
299290,24444,2803,2024-09-20,,Pix,NÃO
317432,17953,59646,2024-09-21,2025-03-17,Credito,False
53518,67235,22803,2024-10-05,,Credito,0.10
215296,12811,55827,2024-12-02,2025-03-17,Pix,10%
354782,70505,11439,2024-12-06,,No pix,0.10
850430,68481,83828,2024-11-16,2025-03-17,Cartão de Crédito,0.10
508983,94634,59646,2024-04-06,2025-03-17,Boleto Bancário,0.1
186323,35439,11439,2024-08-16,,Debito,0.34%%
102558,26519,11586,2025-03-11,2025-03-17,Via Pix,10%
861485,57453,2803,2024-10-18,2025-03-17,Via Cartão,20%
178653,72569,75429,2024-07-02,,Credito,0
581261,49924,14229,2025-03-14,2025-03-17,Credito,False
711043,49026,59646,2024-07-12,,No pix,NÃO
530390,26519,22803,2024-07-20,2025-03-17,Pix,False
184442,57308,1594,2024-04-27,2025-03-17,Pix,NÃO
500932,60872,25397,2024-06-09,2025-03-17,Boleto Bancário,10%
675570,71954,11439,2024-07-29,2025-03-17,Debito,False
164733,71066,81828,2024-06-17,2025-03-17,Debito,0.10
651835,57453,83828,2024-10-07,2025-03-17,Credito,0
993879,84927,55500,2024-06-05,,Via Pix,20%
840463,72569,36004,2024-05-06,,Debito,Nenhum
762660,82819,21032,2024-12-02,,Via Pix,Nenhum
698842,88149,83828,2024-12-25,,Via Pix,0.1
310950,72569,55827,2024-06-06,2025-03-17,Via Pix,0.34%%
714047,88149,55827,2024-10-02,,Boleto Bancário,0.34%%
192469,88149,36004,2024-07-13,2025-03-17,Via Pix,0.34%%
481192,57308,2803,2024-04-19,2025-03-17,Via Pix,0.1
449775,11648,14835,2025-01-04,2025-03-17,Pix,0.34%%
49864,87768,11439,2024-03-31,,Debito,Nenhum
77986,72569,25397,2025-01-06,,Via Cartão,0.34%%
98070,49924,1594,2024-08-28,,Credito,10%
483894,60872,24981,2025-02-25,2025-03-17,Boleto Bancário,False
232107,26519,3244,2024-04-20,2025-03-17,No pix,Nenhum
777254,24444,83828,2024-08-20,2025-03-17,Credito,0.1
841367,12547,55500,2024-05-21,,Credito,0.1
